method,stage,t,d_median,d_q25,d_q75,tau,n_rollouts
seq,2,0,1.1820,1.0218,1.4960,3.8298,26
seq,2,5,1.1993,1.1092,1.5085,3.8298,26
seq,2,10,1.6243,1.4170,1.7511,3.8298,26
seq,2,15,2.1197,1.7842,2.2156,3.8298,26
seq,2,20,2.7017,2.2916,2.7715,3.8298,26
seq,2,25,3.3624,3.0471,3.4132,3.8298,26
seq,2,30,3.7449,3.5989,3.9478,3.8298,26
seq,2,35,4.0306,3.8910,4.2552,3.8298,26
seq,2,40,4.1358,4.0388,4.4161,3.8298,26
seq,2,45,4.2020,3.9930,4.4086,3.8298,26
seq,2,50,4.4652,4.0429,4.8000,3.8298,26
seq,2,55,4.8427,4.4496,15.4571,3.8298,26
seq,2,60,14.5374,7.9566,24.4321,3.8298,26
seq,2,65,26.3028,15.4735,37.2710,3.8298,26
seq,2,70,35.5361,23.8821,46.4277,3.8298,26
seq,2,75,35.1753,23.5631,43.6130,3.8298,26
seq,2,80,37.8509,26.0794,47.5925,3.8298,26
seq,2,85,41.2504,27.5916,48.8391,3.8298,26
seq,2,90,41.1951,28.3266,51.7449,3.8298,26
seq,2,95,40.6872,28.3040,51.7094,3.8298,26
seq,2,100,40.7036,27.0679,50.6518,3.8298,26
seq,2,105,41.5140,26.8060,48.6626,3.8298,26
seq,2,110,41.2502,26.5456,51.0905,3.8298,26
seq,2,115,43.3230,31.2098,50.3283,3.8298,26
seq,2,120,39.5649,30.1134,48.2397,3.8298,26
seq,2,125,40.2760,30.2277,48.2339,3.8298,26
seq,2,130,39.9691,30.2094,48.5494,3.8298,26
seq,2,135,37.2234,30.1968,48.0306,3.8298,26
seq,2,140,34.9589,29.0964,48.0287,3.8298,26
seq,2,145,36.6572,29.0972,48.0117,3.8298,26
seq,2,150,34.9596,29.0907,48.0270,3.8298,26
seq,2,155,34.9565,29.0857,48.0202,3.8298,26
seq,2,160,34.9509,29.0836,48.0123,3.8298,26
seq,2,165,34.9496,29.0748,48.0067,3.8298,26
seq,2,170,34.9403,29.0652,48.0013,3.8298,26
seq,2,175,34.9329,29.0588,47.2669,3.8298,26
seq,2,180,34.9325,29.0553,46.0229,3.8298,26
seq,2,185,34.9289,29.0565,46.0230,3.8298,26
seq,2,190,34.9260,29.1962,46.2895,3.8298,26
seq,2,195,36.6234,30.2919,46.9264,3.8298,26
seq,2,200,34.9172,28.6134,46.0113,3.8298,26
seq,2,205,33.6764,29.2344,46.0081,3.8298,26
seq,2,210,34.3122,29.2346,46.0053,3.8298,26
seq,2,215,36.6270,30.2939,48.5249,3.8298,26
seq,2,220,36.6410,30.3032,48.0970,3.8298,26
seq,2,225,36.6384,30.2744,47.9873,3.8298,26
seq,2,230,36.6400,31.3242,47.9841,3.8298,26
seq,2,235,35.4257,31.3456,47.9853,3.8298,26
seq,2,240,34.1189,31.3385,45.9973,3.8298,26
seq,2,245,33.7700,30.7934,45.9949,3.8298,26
seq,2,250,33.7664,30.8446,45.9931,3.8298,26
seq,2,255,33.7625,30.8386,45.9912,3.8298,26
seq,2,260,34.6251,30.8374,47.9908,3.8298,26
seq,2,265,34.9433,30.8378,46.8768,3.8298,26
seq,2,270,34.9451,30.8403,46.8820,3.8298,26
seq,2,275,36.5966,30.8366,46.6139,3.8298,26
seq,2,280,36.5962,30.8252,46.8341,3.8298,26
seq,2,285,36.5987,30.8220,46.8782,3.8298,26
seq,2,290,36.6009,30.8207,45.9927,3.8298,26
seq,2,295,37.1294,30.8172,48.1690,3.8298,26
seq,3,0,1.1697,1.0184,1.4605,3.8298,30
seq,3,5,1.1506,1.0240,1.4482,3.8298,30
seq,3,10,1.1582,1.0626,1.4520,3.8298,30
seq,3,15,1.2303,1.1436,1.4472,3.8298,30
seq,3,20,1.3787,1.2296,1.5687,3.8298,30
seq,3,25,1.5436,1.3466,1.8206,3.8298,30
seq,3,30,1.7070,1.5660,2.0174,3.8298,30
seq,3,35,1.8714,1.7862,2.2359,3.8298,30
seq,3,40,1.9645,1.8071,2.3152,3.8298,30
seq,3,45,2.0743,1.9152,2.3841,3.8298,30
seq,3,50,2.3416,2.0081,2.7217,3.8298,30
seq,3,55,2.3797,2.1346,2.7865,3.8298,30
seq,3,60,2.5486,2.2072,2.7698,3.8298,30
seq,3,65,2.3109,1.9064,2.5802,3.8298,30
seq,3,70,2.2272,1.7619,2.4968,3.8298,30
seq,3,75,2.0632,1.7108,2.3363,3.8298,30
seq,3,80,2.1388,1.8264,2.2463,3.8298,30
seq,3,85,1.9595,1.8335,2.3141,3.8298,30
seq,3,90,2.0266,1.6877,2.2445,3.8298,30
seq,3,95,2.0045,1.7421,2.3301,3.8298,30
seq,3,100,2.0027,1.7672,2.4409,3.8298,30
seq,3,105,2.2871,1.7843,2.6128,3.8298,30
seq,3,110,2.5427,1.9454,2.8547,3.8298,30
seq,3,115,2.5405,2.1326,3.1086,3.8298,30
seq,3,120,2.4667,2.1092,2.9118,3.8298,30
seq,3,125,2.2850,2.0741,2.6962,3.8298,30
seq,3,130,2.3597,2.1380,2.6812,3.8298,30
seq,3,135,2.4185,2.1647,2.7559,3.8298,30
seq,3,140,2.5424,2.1620,2.9288,3.8298,30
seq,3,145,2.4635,2.0633,3.1023,3.8298,30
seq,3,150,2.4638,2.0033,2.9103,3.8298,30
seq,3,155,2.4132,2.0992,2.7757,3.8298,30
seq,3,160,2.5808,2.1527,2.7714,3.8298,30
seq,3,165,2.5990,2.1585,3.2010,3.8298,30
seq,3,170,2.5448,2.1852,3.2168,3.8298,30
seq,3,175,2.4973,2.0677,3.3932,3.8298,30
seq,3,180,2.4343,1.9652,3.6039,3.8298,30
seq,3,185,2.4707,2.0100,4.1458,3.8298,30
seq,3,190,2.4990,2.0432,4.8229,3.8298,30
seq,3,195,2.6287,2.1554,5.0641,3.8298,30
seq,3,200,3.0930,2.3016,5.6278,3.8298,30
seq,3,205,3.3908,2.3137,5.8696,3.8298,30
seq,3,210,3.2828,2.3924,6.0146,3.8298,30
seq,3,215,3.7440,2.4912,6.9878,3.8298,30
seq,3,220,3.7109,2.4548,6.4269,3.8298,30
seq,3,225,3.4600,2.4436,5.9682,3.8298,30
seq,3,230,3.3475,2.5296,6.4427,3.8298,30
seq,3,235,3.4138,2.5869,6.6376,3.8298,30
seq,3,240,3.5786,2.4783,6.8366,3.8298,30
seq,3,245,3.7867,2.3570,6.9503,3.8298,30
seq,3,250,3.8276,2.2913,7.5291,3.8298,30
seq,3,255,3.8529,2.2740,7.0350,3.8298,30
seq,3,260,4.1757,2.3534,7.6646,3.8298,30
seq,3,265,4.3780,2.4126,6.7477,3.8298,30
seq,3,270,4.3680,2.7051,6.3606,3.8298,30
seq,3,275,4.3853,2.9508,6.1962,3.8298,30
seq,3,280,4.0982,2.9777,6.1067,3.8298,30
seq,3,285,4.0184,3.2639,6.5648,3.8298,30
seq,3,290,4.0599,3.2000,6.6297,3.8298,30
seq,3,295,4.6355,3.3280,6.9014,3.8298,30
seq,4,0,1.1690,1.0091,1.4599,3.8298,30
seq,4,5,1.1371,1.0105,1.4569,3.8298,30
seq,4,10,1.1947,1.0683,1.4916,3.8298,30
seq,4,15,1.3260,1.1592,1.5433,3.8298,30
seq,4,20,1.4887,1.2809,1.5652,3.8298,30
seq,4,25,1.6326,1.4273,1.7234,3.8298,30
seq,4,30,1.7979,1.6080,1.8634,3.8298,30
seq,4,35,1.9373,1.7932,2.0580,3.8298,30
seq,4,40,2.0249,1.8772,2.2044,3.8298,30
seq,4,45,2.1785,2.0766,2.3842,3.8298,30
seq,4,50,2.2569,2.0277,2.4510,3.8298,30
seq,4,55,2.2277,1.9900,2.4017,3.8298,30
seq,4,60,2.2586,2.0231,2.4201,3.8298,30
seq,4,65,2.1496,1.9409,2.3441,3.8298,30
seq,4,70,2.0733,1.9442,2.3263,3.8298,30
seq,4,75,2.0890,1.8494,2.2541,3.8298,30
seq,4,80,2.0390,1.8858,2.3026,3.8298,30
seq,4,85,2.0576,1.8313,2.2504,3.8298,30
seq,4,90,2.0935,1.7827,2.2570,3.8298,30
seq,4,95,2.1361,1.7280,2.2851,3.8298,30
seq,4,100,2.1855,1.7820,2.3810,3.8298,30
seq,4,105,2.1692,1.9435,2.4201,3.8298,30
seq,4,110,2.1665,2.0198,2.4704,3.8298,30
seq,4,115,2.1469,1.9209,2.6582,3.8298,30
seq,4,120,2.4546,1.9509,2.8507,3.8298,30
seq,4,125,2.4539,2.0418,2.9431,3.8298,30
seq,4,130,2.4346,2.1307,2.8898,3.8298,30
seq,4,135,2.4716,2.0977,2.8662,3.8298,30
seq,4,140,2.5154,2.0741,3.1241,3.8298,30
seq,4,145,2.5294,1.9745,2.7711,3.8298,30
seq,4,150,2.5099,2.0124,2.7392,3.8298,30
seq,4,155,2.5124,2.0725,2.7984,3.8298,30
seq,4,160,2.5520,2.1334,2.8717,3.8298,30
seq,4,165,2.6270,2.0397,2.8713,3.8298,30
seq,4,170,2.5108,2.1052,2.8450,3.8298,30
seq,4,175,2.5849,2.0477,3.2950,3.8298,30
seq,4,180,2.5179,2.2062,3.4260,3.8298,30
seq,4,185,2.8356,2.2181,3.7292,3.8298,30
seq,4,190,3.1078,2.2552,3.8601,3.8298,30
seq,4,195,2.9232,2.3145,3.9465,3.8298,30
seq,4,200,3.0392,2.3074,3.9951,3.8298,30
seq,4,205,3.0508,2.3796,3.9686,3.8298,30
seq,4,210,2.8973,2.4015,4.1101,3.8298,30
seq,4,215,2.8985,2.3324,4.2204,3.8298,30
seq,4,220,2.9045,2.3011,3.9256,3.8298,30
seq,4,225,2.8499,2.4487,3.8589,3.8298,30
seq,4,230,2.8201,2.4224,4.3682,3.8298,30
seq,4,235,2.7762,2.2930,4.0557,3.8298,30
seq,4,240,2.9548,2.3011,4.8980,3.8298,30
seq,4,245,2.8554,2.2314,4.5029,3.8298,30
seq,4,250,2.8953,2.2808,4.4463,3.8298,30
seq,4,255,3.0501,2.2259,4.8879,3.8298,30
seq,4,260,3.2850,2.2988,5.1354,3.8298,30
seq,4,265,3.1170,2.2859,5.0234,3.8298,30
seq,4,270,3.1536,2.6259,4.9360,3.8298,30
seq,4,275,3.2577,2.6836,4.9904,3.8298,30
seq,4,280,3.1822,2.7242,4.9215,3.8298,30
seq,4,285,3.2887,2.7594,4.8951,3.8298,30
seq,4,290,3.6281,2.7812,5.3977,3.8298,30
seq,4,295,3.7786,2.8263,5.1568,3.8298,30
ewc,1,0,1.7172,1.7172,1.7172,3.8298,1
ewc,1,5,1.7213,1.7213,1.7213,3.8298,1
ewc,1,10,1.6561,1.6561,1.6561,3.8298,1
ewc,1,15,1.6924,1.6924,1.6924,3.8298,1
ewc,1,20,1.6700,1.6700,1.6700,3.8298,1
ewc,1,25,1.6432,1.6432,1.6432,3.8298,1
ewc,1,30,1.6566,1.6566,1.6566,3.8298,1
ewc,1,35,1.7124,1.7124,1.7124,3.8298,1
ewc,1,40,1.6347,1.6347,1.6347,3.8298,1
ewc,1,45,5.0255,5.0255,5.0255,3.8298,1
ewc,1,50,4.7800,4.7800,4.7800,3.8298,1
ewc,1,55,4.3080,4.3080,4.3080,3.8298,1
ewc,1,60,4.5854,4.5854,4.5854,3.8298,1
ewc,1,65,4.6368,4.6368,4.6368,3.8298,1
ewc,1,70,2.7124,2.7124,2.7124,3.8298,1
ewc,1,75,3.9428,3.9428,3.9428,3.8298,1
ewc,1,80,4.1324,4.1324,4.1324,3.8298,1
ewc,1,85,4.0992,4.0992,4.0992,3.8298,1
ewc,1,90,5.1388,5.1388,5.1388,3.8298,1
ewc,1,95,5.1325,5.1325,5.1325,3.8298,1
ewc,1,100,4.0562,4.0562,4.0562,3.8298,1
ewc,1,105,3.9890,3.9890,3.9890,3.8298,1
ewc,1,110,3.9605,3.9605,3.9605,3.8298,1
ewc,1,115,3.9571,3.9571,3.9571,3.8298,1
ewc,1,120,4.0190,4.0190,4.0190,3.8298,1
ewc,1,125,3.9535,3.9535,3.9535,3.8298,1
ewc,1,130,5.1337,5.1337,5.1337,3.8298,1
ewc,1,135,5.3291,5.3291,5.3291,3.8298,1
ewc,1,140,6.2854,6.2854,6.2854,3.8298,1
ewc,1,145,4.4913,4.4913,4.4913,3.8298,1
ewc,1,150,4.5932,4.5932,4.5932,3.8298,1
ewc,1,155,4.5245,4.5245,4.5245,3.8298,1
ewc,1,160,4.4872,4.4872,4.4872,3.8298,1
ewc,1,165,4.5315,4.5315,4.5315,3.8298,1
ewc,1,170,4.5857,4.5857,4.5857,3.8298,1
ewc,1,175,4.6037,4.6037,4.6037,3.8298,1
ewc,1,180,4.5359,4.5359,4.5359,3.8298,1
ewc,1,185,4.5918,4.5918,4.5918,3.8298,1
ewc,1,190,5.2947,5.2947,5.2947,3.8298,1
ewc,1,195,6.3470,6.3470,6.3470,3.8298,1
ewc,1,200,7.4755,7.4755,7.4755,3.8298,1
ewc,1,205,6.7589,6.7589,6.7589,3.8298,1
ewc,1,210,5.1178,5.1178,5.1178,3.8298,1
ewc,1,215,5.0358,5.0358,5.0358,3.8298,1
ewc,1,220,4.8738,4.8738,4.8738,3.8298,1
ewc,1,225,4.7084,4.7084,4.7084,3.8298,1
ewc,1,230,4.7851,4.7851,4.7851,3.8298,1
ewc,1,235,4.9116,4.9116,4.9116,3.8298,1
ewc,1,240,5.0392,5.0392,5.0392,3.8298,1
ewc,1,245,5.1041,5.1041,5.1041,3.8298,1
ewc,1,250,5.0624,5.0624,5.0624,3.8298,1
ewc,1,255,5.0557,5.0557,5.0557,3.8298,1
ewc,1,260,5.0705,5.0705,5.0705,3.8298,1
ewc,1,265,5.1019,5.1019,5.1019,3.8298,1
ewc,1,270,5.0958,5.0958,5.0958,3.8298,1
ewc,1,275,5.1132,5.1132,5.1132,3.8298,1
ewc,1,280,5.1142,5.1142,5.1142,3.8298,1
ewc,1,285,5.1314,5.1314,5.1314,3.8298,1
ewc,1,290,5.1201,5.1201,5.1201,3.8298,1
ewc,1,295,5.1023,5.1023,5.1023,3.8298,1
ewc,2,0,1.1667,1.0195,1.3981,3.8298,27
ewc,2,5,1.1606,1.0315,1.3957,3.8298,27
ewc,2,10,1.3397,1.0649,1.4786,3.8298,27
ewc,2,15,1.5292,1.1985,1.6642,3.8298,27
ewc,2,20,1.6540,1.3996,1.8795,3.8298,27
ewc,2,25,1.8911,1.7576,2.0563,3.8298,27
ewc,2,30,1.9769,1.8670,2.1700,3.8298,27
ewc,2,35,1.9822,1.8428,2.2666,3.8298,27
ewc,2,40,1.9957,1.8778,2.1717,3.8298,27
ewc,2,45,1.9796,1.8798,2.3532,3.8298,27
ewc,2,50,2.3014,1.8966,2.6451,3.8298,27
ewc,2,55,2.5516,2.3734,2.9755,3.8298,27
ewc,2,60,2.7754,2.3617,3.3255,3.8298,27
ewc,2,65,2.9292,2.5819,3.4353,3.8298,27
ewc,2,70,3.0509,2.4570,3.4904,3.8298,27
ewc,2,75,3.2277,2.6077,3.5263,3.8298,27
ewc,2,80,3.4098,2.7335,3.8910,3.8298,27
ewc,2,85,3.4864,2.8731,4.4677,3.8298,27
ewc,2,90,3.6273,2.8863,4.6013,3.8298,27
ewc,2,95,3.9295,2.8525,5.8727,3.8298,27
ewc,2,100,4.0784,2.8403,5.6840,3.8298,27
ewc,2,105,4.6021,2.7748,5.7187,3.8298,27
ewc,2,110,4.5819,2.7854,5.8800,3.8298,27
ewc,2,115,4.6403,2.7922,6.6336,3.8298,27
ewc,2,120,4.7447,2.7901,6.6678,3.8298,27
ewc,2,125,5.0020,2.8275,6.4625,3.8298,27
ewc,2,130,5.1000,2.8428,7.1122,3.8298,27
ewc,2,135,5.1819,2.7856,7.5673,3.8298,27
ewc,2,140,5.6545,2.7881,6.9003,3.8298,27
ewc,2,145,5.7271,2.8045,7.6289,3.8298,27
ewc,2,150,5.3423,2.7770,7.9782,3.8298,27
ewc,2,155,5.3532,2.6972,7.1484,3.8298,27
ewc,2,160,5.4674,2.6677,7.7609,3.8298,27
ewc,2,165,6.4443,3.1909,8.3326,3.8298,27
ewc,2,170,5.5674,3.2086,8.3781,3.8298,27
ewc,2,175,5.3555,3.7553,8.5239,3.8298,27
ewc,2,180,5.3978,2.9901,8.1824,3.8298,27
ewc,2,185,5.7953,3.0245,8.0842,3.8298,27
ewc,2,190,5.5961,2.6863,8.7988,3.8298,27
ewc,2,195,6.1245,2.6965,8.2242,3.8298,27
ewc,2,200,6.8802,3.1842,8.4913,3.8298,27
ewc,2,205,6.9920,2.7893,8.4691,3.8298,27
ewc,2,210,6.6028,3.2556,8.5347,3.8298,27
ewc,2,215,7.2568,3.6839,8.5855,3.8298,27
ewc,2,220,7.2227,3.4049,8.8671,3.8298,27
ewc,2,225,7.2970,3.3746,8.9187,3.8298,27
ewc,2,230,7.3125,3.7213,8.8658,3.8298,27
ewc,2,235,7.3061,3.4293,9.0871,3.8298,27
ewc,2,240,6.7951,3.6799,9.2622,3.8298,27
ewc,2,245,6.8213,3.7339,8.9856,3.8298,27
ewc,2,250,6.9246,3.7145,8.9465,3.8298,27
ewc,2,255,7.4614,3.6742,9.0514,3.8298,27
ewc,2,260,6.3714,3.7249,9.2322,3.8298,27
ewc,2,265,6.3444,4.0338,9.2773,3.8298,27
ewc,2,270,6.3351,4.2567,9.3964,3.8298,27
ewc,2,275,6.3258,4.4788,9.5526,3.8298,27
ewc,2,280,6.3521,4.2141,10.1263,3.8298,27
ewc,2,285,6.3696,3.8722,9.7352,3.8298,27
ewc,2,290,6.6881,3.8970,9.6243,3.8298,27
ewc,2,295,8.0891,3.8914,10.0513,3.8298,27
ewc,3,0,1.4364,1.1253,1.5213,3.8298,12
ewc,3,5,1.4143,1.1290,1.4853,3.8298,12
ewc,3,10,1.4086,1.1001,1.5118,3.8298,12
ewc,3,15,1.4315,1.1834,1.5385,3.8298,12
ewc,3,20,1.4658,1.3262,1.5956,3.8298,12
ewc,3,25,1.5332,1.4333,1.6490,3.8298,12
ewc,3,30,1.5013,1.4143,1.6113,3.8298,12
ewc,3,35,1.4808,1.2898,1.5689,3.8298,12
ewc,3,40,1.6303,1.3999,1.8832,3.8298,12
ewc,3,45,1.9501,1.7650,2.3531,3.8298,12
ewc,3,50,2.0732,1.9861,2.1112,3.8298,12
ewc,3,55,1.8775,1.8107,2.1949,3.8298,12
ewc,3,60,1.9624,1.7039,2.2314,3.8298,12
ewc,3,65,2.3356,1.8224,2.9831,3.8298,12
ewc,3,70,2.7755,2.0994,3.1125,3.8298,12
ewc,3,75,2.7325,2.5940,3.3355,3.8298,12
ewc,3,80,2.7886,2.5045,3.6056,3.8298,12
ewc,3,85,3.6347,2.8065,6.0591,3.8298,12
ewc,3,90,4.7191,2.7092,9.8735,3.8298,12
ewc,3,95,3.3531,3.0045,6.7517,3.8298,12
ewc,3,100,3.6118,3.1506,4.2124,3.8298,12
ewc,3,105,3.6983,3.2218,4.4118,3.8298,12
ewc,3,110,3.6219,3.2091,4.1262,3.8298,12
ewc,3,115,3.7238,3.1642,4.4501,3.8298,12
ewc,3,120,4.2714,3.2287,7.2366,3.8298,12
ewc,3,125,4.2991,3.2112,6.3816,3.8298,12
ewc,3,130,3.9991,3.4147,5.8321,3.8298,12
ewc,3,135,3.7992,3.2118,4.9643,3.8298,12
ewc,3,140,3.6857,3.2093,4.9588,3.8298,12
ewc,3,145,3.9400,3.3811,4.9278,3.8298,12
ewc,3,150,4.0024,3.3758,4.9072,3.8298,12
ewc,3,155,4.0504,3.3816,4.9015,3.8298,12
ewc,3,160,3.9897,3.3927,4.9006,3.8298,12
ewc,3,165,4.0588,3.3964,4.8714,3.8298,12
ewc,3,170,4.0661,3.3967,4.8614,3.8298,12
ewc,3,175,4.2473,3.3804,4.8916,3.8298,12
ewc,3,180,4.6868,3.4652,5.1748,3.8298,12
ewc,3,185,4.6925,3.5180,5.5475,3.8298,12
ewc,3,190,4.2066,3.5715,5.4615,3.8298,12
ewc,3,195,4.3070,3.5119,5.4725,3.8298,12
ewc,3,200,4.5154,3.5494,5.5030,3.8298,12
ewc,3,205,4.2169,3.3491,5.6530,3.8298,12
ewc,3,210,4.2107,3.4135,5.6581,3.8298,12
ewc,3,215,4.4736,3.4213,5.6994,3.8298,12
ewc,3,220,4.1294,3.4534,6.0529,3.8298,12
ewc,3,225,4.0791,3.5169,4.9062,3.8298,12
ewc,3,230,4.0883,3.5304,5.0586,3.8298,12
ewc,3,235,4.2901,3.5821,5.2584,3.8298,12
ewc,3,240,4.5429,3.5717,5.3510,3.8298,12
ewc,3,245,4.6315,3.6309,5.9445,3.8298,12
ewc,3,250,4.6827,3.6798,5.6137,3.8298,12
ewc,3,255,4.5225,3.8648,5.4322,3.8298,12
ewc,3,260,4.3814,3.8244,5.4470,3.8298,12
ewc,3,265,4.3083,3.8753,5.8734,3.8298,12
ewc,3,270,4.2756,3.8818,5.8231,3.8298,12
ewc,3,275,4.2427,3.9034,5.2899,3.8298,12
ewc,3,280,4.2924,3.9154,5.6878,3.8298,12
ewc,3,285,4.3093,3.9945,5.2259,3.8298,12
ewc,3,290,4.3599,4.0169,5.2198,3.8298,12
ewc,3,295,4.3534,4.0131,5.2457,3.8298,12
ewc,4,0,1.1602,1.0264,1.4504,3.8298,30
ewc,4,5,1.1332,1.0291,1.4342,3.8298,30
ewc,4,10,1.1499,1.0662,1.4379,3.8298,30
ewc,4,15,1.1926,1.0874,1.4569,3.8298,30
ewc,4,20,1.2096,1.0953,1.4729,3.8298,30
ewc,4,25,1.2573,1.1112,1.4982,3.8298,30
ewc,4,30,1.3702,1.1484,1.5305,3.8298,30
ewc,4,35,1.4450,1.1789,1.5662,3.8298,30
ewc,4,40,1.4652,1.1713,1.6783,3.8298,30
ewc,4,45,1.7502,1.3405,2.4313,3.8298,30
ewc,4,50,2.0035,1.6154,2.5906,3.8298,30
ewc,4,55,1.8264,1.5223,2.3500,3.8298,30
ewc,4,60,1.8947,1.5094,2.3241,3.8298,30
ewc,4,65,2.0142,1.5612,2.5108,3.8298,30
ewc,4,70,2.0366,1.6879,2.5273,3.8298,30
ewc,4,75,2.2349,1.9092,2.7253,3.8298,30
ewc,4,80,2.4127,1.9475,3.0529,3.8298,30
ewc,4,85,2.5141,2.0396,3.2227,3.8298,30
ewc,4,90,2.3931,1.9299,3.3603,3.8298,30
ewc,4,95,2.5045,2.0720,3.5404,3.8298,30
ewc,4,100,2.9226,2.4433,4.0427,3.8298,30
ewc,4,105,3.4217,2.4655,4.3374,3.8298,30
ewc,4,110,3.4344,2.5527,5.2468,3.8298,30
ewc,4,115,3.7320,2.7831,5.6772,3.8298,30
ewc,4,120,3.8333,2.8543,5.6320,3.8298,30
ewc,4,125,4.1295,3.1385,5.5360,3.8298,30
ewc,4,130,4.2942,3.2290,5.5089,3.8298,30
ewc,4,135,4.2305,3.3769,5.6988,3.8298,30
ewc,4,140,4.2758,3.5561,5.6494,3.8298,30
ewc,4,145,4.4551,3.6872,5.2881,3.8298,30
ewc,4,150,4.5543,3.7094,6.0534,3.8298,30
ewc,4,155,4.6868,3.7718,6.2525,3.8298,30
ewc,4,160,4.4674,3.9038,6.0992,3.8298,30
ewc,4,165,4.7254,3.8453,6.3681,3.8298,30
ewc,4,170,4.8877,3.9543,6.3171,3.8298,30
ewc,4,175,4.9449,4.1034,6.2038,3.8298,30
ewc,4,180,5.2516,4.1531,5.9886,3.8298,30
ewc,4,185,5.1480,4.1231,6.0058,3.8298,30
ewc,4,190,4.9602,4.3224,6.0166,3.8298,30
ewc,4,195,5.2203,4.2810,6.3432,3.8298,30
ewc,4,200,5.2920,4.3522,6.6733,3.8298,30
ewc,4,205,5.4808,4.4980,6.5258,3.8298,30
ewc,4,210,5.6349,4.4871,6.5177,3.8298,30
ewc,4,215,5.7201,4.7422,7.0269,3.8298,30
ewc,4,220,5.7572,4.8881,6.6421,3.8298,30
ewc,4,225,5.7983,4.8577,6.7508,3.8298,30
ewc,4,230,5.8765,5.0234,6.6377,3.8298,30
ewc,4,235,5.8798,5.1956,6.6493,3.8298,30
ewc,4,240,5.8642,5.2057,6.6553,3.8298,30
ewc,4,245,5.9661,5.4768,6.6779,3.8298,30
ewc,4,250,6.0625,5.4119,6.7645,3.8298,30
ewc,4,255,6.1111,5.4583,6.7994,3.8298,30
ewc,4,260,6.1394,5.4563,6.7534,3.8298,30
ewc,4,265,6.0614,5.0603,6.8008,3.8298,30
ewc,4,270,6.0082,5.0529,6.7571,3.8298,30
ewc,4,275,6.0325,5.0989,6.7947,3.8298,30
ewc,4,280,6.0788,5.1361,6.8301,3.8298,30
ewc,4,285,6.3497,5.5591,6.8900,3.8298,30
ewc,4,290,6.3189,5.6874,6.9352,3.8298,30
ewc,4,295,6.2288,5.7635,6.9501,3.8298,30
frozen,1,0,1.1313,1.1313,1.1313,3.8298,1
frozen,1,5,1.1128,1.1128,1.1128,3.8298,1
frozen,1,10,1.0967,1.0967,1.0967,3.8298,1
frozen,1,15,1.1107,1.1107,1.1107,3.8298,1
frozen,1,20,1.1112,1.1112,1.1112,3.8298,1
frozen,1,25,1.1745,1.1745,1.1745,3.8298,1
frozen,1,30,1.1331,1.1331,1.1331,3.8298,1
frozen,1,35,1.0945,1.0945,1.0945,3.8298,1
frozen,1,40,1.0955,1.0955,1.0955,3.8298,1
frozen,1,45,1.0149,1.0149,1.0149,3.8298,1
frozen,1,50,1.8120,1.8120,1.8120,3.8298,1
frozen,1,55,2.0079,2.0079,2.0079,3.8298,1
frozen,1,60,2.2809,2.2809,2.2809,3.8298,1
frozen,1,65,2.0518,2.0518,2.0518,3.8298,1
frozen,1,70,1.6717,1.6717,1.6717,3.8298,1
frozen,1,75,1.5963,1.5963,1.5963,3.8298,1
frozen,1,80,1.9685,1.9685,1.9685,3.8298,1
frozen,1,85,1.8316,1.8316,1.8316,3.8298,1
frozen,1,90,2.0899,2.0899,2.0899,3.8298,1
frozen,1,95,2.4959,2.4959,2.4959,3.8298,1
frozen,1,100,2.5015,2.5015,2.5015,3.8298,1
frozen,1,105,2.6426,2.6426,2.6426,3.8298,1
frozen,1,110,2.7455,2.7455,2.7455,3.8298,1
frozen,1,115,2.7478,2.7478,2.7478,3.8298,1
frozen,1,120,2.6230,2.6230,2.6230,3.8298,1
frozen,1,125,2.5284,2.5284,2.5284,3.8298,1
frozen,1,130,2.5659,2.5659,2.5659,3.8298,1
frozen,1,135,2.6154,2.6154,2.6154,3.8298,1
frozen,1,140,2.5942,2.5942,2.5942,3.8298,1
frozen,1,145,3.6841,3.6841,3.6841,3.8298,1
frozen,1,150,3.5560,3.5560,3.5560,3.8298,1
frozen,1,155,3.2735,3.2735,3.2735,3.8298,1
frozen,1,160,2.9655,2.9655,2.9655,3.8298,1
frozen,1,165,2.9826,2.9826,2.9826,3.8298,1
frozen,1,170,3.0375,3.0375,3.0375,3.8298,1
frozen,1,175,2.9863,2.9863,2.9863,3.8298,1
frozen,1,180,3.2066,3.2066,3.2066,3.8298,1
frozen,1,185,2.8469,2.8469,2.8469,3.8298,1
frozen,1,190,2.8254,2.8254,2.8254,3.8298,1
frozen,1,195,2.8409,2.8409,2.8409,3.8298,1
frozen,1,200,2.8028,2.8028,2.8028,3.8298,1
frozen,1,205,2.8197,2.8197,2.8197,3.8298,1
frozen,1,210,2.8363,2.8363,2.8363,3.8298,1
frozen,1,215,2.8122,2.8122,2.8122,3.8298,1
frozen,1,220,2.8294,2.8294,2.8294,3.8298,1
frozen,1,225,2.8347,2.8347,2.8347,3.8298,1
frozen,1,230,2.8679,2.8679,2.8679,3.8298,1
frozen,1,235,2.8783,2.8783,2.8783,3.8298,1
frozen,1,240,2.8734,2.8734,2.8734,3.8298,1
frozen,1,245,2.8911,2.8911,2.8911,3.8298,1
frozen,1,250,2.9091,2.9091,2.9091,3.8298,1
frozen,1,255,2.9134,2.9134,2.9134,3.8298,1
frozen,1,260,2.9276,2.9276,2.9276,3.8298,1
frozen,1,265,2.9540,2.9540,2.9540,3.8298,1
frozen,1,270,3.0067,3.0067,3.0067,3.8298,1
frozen,1,275,3.0613,3.0613,3.0613,3.8298,1
frozen,1,280,3.1268,3.1268,3.1268,3.8298,1
frozen,1,285,3.1801,3.1801,3.1801,3.8298,1
frozen,1,290,3.1751,3.1751,3.1751,3.8298,1
frozen,1,295,3.0410,3.0410,3.0410,3.8298,1
frozen,2,0,1.4073,1.4073,1.4073,3.8298,1
frozen,2,5,1.3614,1.3614,1.3614,3.8298,1
frozen,2,10,1.3550,1.3550,1.3550,3.8298,1
frozen,2,15,1.3645,1.3645,1.3645,3.8298,1
frozen,2,20,1.3827,1.3827,1.3827,3.8298,1
frozen,2,25,1.3887,1.3887,1.3887,3.8298,1
frozen,2,30,1.3752,1.3752,1.3752,3.8298,1
frozen,2,35,1.3601,1.3601,1.3601,3.8298,1
frozen,2,40,1.6156,1.6156,1.6156,3.8298,1
frozen,2,45,3.2454,3.2454,3.2454,3.8298,1
frozen,2,50,3.1810,3.1810,3.1810,3.8298,1
frozen,2,55,3.3222,3.3222,3.3222,3.8298,1
frozen,2,60,3.5614,3.5614,3.5614,3.8298,1
frozen,2,65,2.6376,2.6376,2.6376,3.8298,1
frozen,2,70,3.7866,3.7866,3.7866,3.8298,1
frozen,2,75,4.2039,4.2039,4.2039,3.8298,1
frozen,2,80,4.4423,4.4423,4.4423,3.8298,1
frozen,2,85,4.2793,4.2793,4.2793,3.8298,1
frozen,2,90,4.3628,4.3628,4.3628,3.8298,1
frozen,2,95,4.3849,4.3849,4.3849,3.8298,1
frozen,2,100,4.2448,4.2448,4.2448,3.8298,1
frozen,2,105,4.0394,4.0394,4.0394,3.8298,1
frozen,2,110,4.1815,4.1815,4.1815,3.8298,1
frozen,2,115,4.3538,4.3538,4.3538,3.8298,1
frozen,2,120,4.5179,4.5179,4.5179,3.8298,1
frozen,2,125,4.7029,4.7029,4.7029,3.8298,1
frozen,2,130,7.1624,7.1624,7.1624,3.8298,1
frozen,2,135,4.9505,4.9505,4.9505,3.8298,1
frozen,2,140,5.3815,5.3815,5.3815,3.8298,1
frozen,2,145,5.4238,5.4238,5.4238,3.8298,1
frozen,2,150,5.4473,5.4473,5.4473,3.8298,1
frozen,2,155,5.4361,5.4361,5.4361,3.8298,1
frozen,2,160,5.4806,5.4806,5.4806,3.8298,1
frozen,2,165,5.4820,5.4820,5.4820,3.8298,1
frozen,2,170,5.6150,5.6150,5.6150,3.8298,1
frozen,2,175,5.8022,5.8022,5.8022,3.8298,1
frozen,2,180,5.8001,5.8001,5.8001,3.8298,1
frozen,2,185,5.7732,5.7732,5.7732,3.8298,1
frozen,2,190,5.7939,5.7939,5.7939,3.8298,1
frozen,2,195,5.7905,5.7905,5.7905,3.8298,1
frozen,2,200,5.7535,5.7535,5.7535,3.8298,1
frozen,2,205,5.7028,5.7028,5.7028,3.8298,1
frozen,2,210,5.6522,5.6522,5.6522,3.8298,1
frozen,2,215,5.5230,5.5230,5.5230,3.8298,1
frozen,2,220,5.4727,5.4727,5.4727,3.8298,1
frozen,2,225,5.5514,5.5514,5.5514,3.8298,1
frozen,2,230,5.5698,5.5698,5.5698,3.8298,1
frozen,2,235,5.5276,5.5276,5.5276,3.8298,1
frozen,2,240,5.4653,5.4653,5.4653,3.8298,1
frozen,2,245,5.4782,5.4782,5.4782,3.8298,1
frozen,2,250,5.5092,5.5092,5.5092,3.8298,1
frozen,2,255,5.5575,5.5575,5.5575,3.8298,1
frozen,2,260,5.5709,5.5709,5.5709,3.8298,1
frozen,2,265,5.5806,5.5806,5.5806,3.8298,1
frozen,2,270,5.5773,5.5773,5.5773,3.8298,1
frozen,2,275,5.7642,5.7642,5.7642,3.8298,1
frozen,2,280,5.4712,5.4712,5.4712,3.8298,1
frozen,2,285,5.4311,5.4311,5.4311,3.8298,1
frozen,2,290,5.3787,5.3787,5.3787,3.8298,1
frozen,2,295,5.3487,5.3487,5.3487,3.8298,1
frozen,3,0,0.9406,0.9406,0.9406,3.8298,1
frozen,3,5,0.9577,0.9577,0.9577,3.8298,1
frozen,3,10,0.9966,0.9966,0.9966,3.8298,1
frozen,3,15,1.0304,1.0304,1.0304,3.8298,1
frozen,3,20,1.0403,1.0403,1.0403,3.8298,1
frozen,3,25,1.0025,1.0025,1.0025,3.8298,1
frozen,3,30,0.9746,0.9746,0.9746,3.8298,1
frozen,3,35,1.0145,1.0145,1.0145,3.8298,1
frozen,3,40,0.9761,0.9761,0.9761,3.8298,1
frozen,3,45,1.0521,1.0521,1.0521,3.8298,1
frozen,3,50,0.9683,0.9683,0.9683,3.8298,1
frozen,3,55,1.1726,1.1726,1.1726,3.8298,1
frozen,3,60,1.4890,1.4890,1.4890,3.8298,1
frozen,3,65,1.5324,1.5324,1.5324,3.8298,1
frozen,3,70,2.8601,2.8601,2.8601,3.8298,1
frozen,3,75,2.4820,2.4820,2.4820,3.8298,1
frozen,3,80,2.6354,2.6354,2.6354,3.8298,1
frozen,3,85,4.3468,4.3468,4.3468,3.8298,1
frozen,3,90,3.4751,3.4751,3.4751,3.8298,1
frozen,3,95,3.8426,3.8426,3.8426,3.8298,1
frozen,3,100,3.6800,3.6800,3.6800,3.8298,1
frozen,3,105,3.8558,3.8558,3.8558,3.8298,1
frozen,3,110,4.6415,4.6415,4.6415,3.8298,1
frozen,3,115,4.9047,4.9047,4.9047,3.8298,1
frozen,3,120,5.1147,5.1147,5.1147,3.8298,1
frozen,3,125,5.5470,5.5470,5.5470,3.8298,1
frozen,3,130,5.7128,5.7128,5.7128,3.8298,1
frozen,3,135,5.2673,5.2673,5.2673,3.8298,1
frozen,3,140,4.5763,4.5763,4.5763,3.8298,1
frozen,3,145,4.4614,4.4614,4.4614,3.8298,1
frozen,3,150,4.0337,4.0337,4.0337,3.8298,1
frozen,3,155,3.7317,3.7317,3.7317,3.8298,1
frozen,3,160,3.6836,3.6836,3.6836,3.8298,1
frozen,3,165,3.6760,3.6760,3.6760,3.8298,1
frozen,3,170,3.6928,3.6928,3.6928,3.8298,1
frozen,3,175,3.7010,3.7010,3.7010,3.8298,1
frozen,3,180,3.7075,3.7075,3.7075,3.8298,1
frozen,3,185,6.7780,6.7780,6.7780,3.8298,1
frozen,3,190,7.6390,7.6390,7.6390,3.8298,1
frozen,3,195,4.7018,4.7018,4.7018,3.8298,1
frozen,3,200,4.1375,4.1375,4.1375,3.8298,1
frozen,3,205,4.1068,4.1068,4.1068,3.8298,1
frozen,3,210,3.6545,3.6545,3.6545,3.8298,1
frozen,3,215,3.0215,3.0215,3.0215,3.8298,1
frozen,3,220,2.9686,2.9686,2.9686,3.8298,1
frozen,3,225,2.9654,2.9654,2.9654,3.8298,1
frozen,3,230,3.0005,3.0005,3.0005,3.8298,1
frozen,3,235,3.7154,3.7154,3.7154,3.8298,1
frozen,3,240,4.1161,4.1161,4.1161,3.8298,1
frozen,3,245,4.3604,4.3604,4.3604,3.8298,1
frozen,3,250,4.3866,4.3866,4.3866,3.8298,1
frozen,3,255,4.2923,4.2923,4.2923,3.8298,1
frozen,3,260,4.5457,4.5457,4.5457,3.8298,1
frozen,3,265,4.7235,4.7235,4.7235,3.8298,1
frozen,3,270,4.5960,4.5960,4.5960,3.8298,1
frozen,3,275,4.6213,4.6213,4.6213,3.8298,1
frozen,3,280,4.8758,4.8758,4.8758,3.8298,1
frozen,3,285,5.4698,5.4698,5.4698,3.8298,1
frozen,3,290,5.8722,5.8722,5.8722,3.8298,1
frozen,3,295,5.8735,5.8735,5.8735,3.8298,1
er,2,0,1.4305,1.2963,1.5646,3.8298,2
er,2,5,1.4135,1.2879,1.5391,3.8298,2
er,2,10,1.4128,1.2920,1.5336,3.8298,2
er,2,15,1.4236,1.3003,1.5469,3.8298,2
er,2,20,1.4165,1.2909,1.5421,3.8298,2
er,2,25,1.4389,1.3135,1.5644,3.8298,2
er,2,30,1.4632,1.3312,1.5952,3.8298,2
er,2,35,1.4764,1.3276,1.6252,3.8298,2
er,2,40,1.4355,1.3068,1.5642,3.8298,2
er,2,45,2.0518,1.9971,2.1066,3.8298,2
er,2,50,2.8577,2.4543,3.2610,3.8298,2
er,2,55,2.1615,2.0192,2.3038,3.8298,2
er,2,60,2.2637,2.1178,2.4096,3.8298,2
er,2,65,2.4916,2.3473,2.6359,3.8298,2
er,2,70,2.2640,2.1713,2.3567,3.8298,2
er,2,75,1.9487,1.8358,2.0616,3.8298,2
er,2,80,2.0370,1.9329,2.1411,3.8298,2
er,2,85,2.4423,2.1684,2.7162,3.8298,2
er,2,90,2.5506,2.2001,2.9011,3.8298,2
er,2,95,3.0489,2.5139,3.5838,3.8298,2
er,2,100,3.2051,2.6262,3.7839,3.8298,2
er,2,105,3.2693,2.7555,3.7831,3.8298,2
er,2,110,3.1417,2.6525,3.6308,3.8298,2
er,2,115,3.0822,2.5941,3.5704,3.8298,2
er,2,120,2.9640,2.5429,3.3851,3.8298,2
er,2,125,2.7555,2.4668,3.0443,3.8298,2
er,2,130,2.7444,2.4985,2.9904,3.8298,2
er,2,135,2.8945,2.6570,3.1320,3.8298,2
er,2,140,2.9548,2.7056,3.2039,3.8298,2
er,2,145,3.0124,2.7720,3.2529,3.8298,2
er,2,150,3.0087,2.7743,3.2431,3.8298,2
er,2,155,3.0210,2.7870,3.2550,3.8298,2
er,2,160,3.0440,2.8138,3.2743,3.8298,2
er,2,165,3.1232,2.9247,3.3217,3.8298,2
er,2,170,3.2093,3.0519,3.3666,3.8298,2
er,2,175,3.2213,3.0643,3.3783,3.8298,2
er,2,180,3.2056,3.0402,3.3709,3.8298,2
er,2,185,3.2055,3.0456,3.3654,3.8298,2
er,2,190,3.2275,3.0721,3.3829,3.8298,2
er,2,195,3.1568,2.9609,3.3528,3.8298,2
er,2,200,3.1856,3.0069,3.3644,3.8298,2
er,2,205,3.2771,3.1415,3.4128,3.8298,2
er,2,210,3.7823,3.6434,3.9213,3.8298,2
er,2,215,3.4231,3.4040,3.4421,3.8298,2
er,2,220,3.4466,3.4409,3.4523,3.8298,2
er,2,225,3.5277,3.4992,3.5562,3.8298,2
er,2,230,3.5917,3.5745,3.6089,3.8298,2
er,2,235,3.6278,3.6170,3.6386,3.8298,2
er,2,240,3.5908,3.5556,3.6260,3.8298,2
er,2,245,3.5640,3.5291,3.5988,3.8298,2
er,2,250,3.5237,3.5066,3.5408,3.8298,2
er,2,255,3.6208,3.5812,3.6604,3.8298,2
er,2,260,3.6482,3.5766,3.7197,3.8298,2
er,2,265,3.6909,3.5714,3.8104,3.8298,2
er,2,270,3.7630,3.6160,3.9099,3.8298,2
er,2,275,3.7969,3.6234,3.9704,3.8298,2
er,2,280,3.6976,3.5684,3.8268,3.8298,2
er,2,285,3.7402,3.5625,3.9178,3.8298,2
er,2,290,3.7775,3.5437,4.0113,3.8298,2
er,2,295,3.7947,3.5257,4.0638,3.8298,2
er,3,0,1.3447,1.1475,1.5693,3.8298,4
er,3,5,1.3242,1.1431,1.5099,3.8298,4
er,3,10,1.3229,1.1529,1.4996,3.8298,4
er,3,15,1.3238,1.1600,1.5010,3.8298,4
er,3,20,1.3419,1.1922,1.5082,3.8298,4
er,3,25,1.4169,1.2994,1.5556,3.8298,4
er,3,30,1.4541,1.3797,1.5901,3.8298,4
er,3,35,1.4899,1.4591,1.5490,3.8298,4
er,3,40,1.7728,1.6484,2.0677,3.8298,4
er,3,45,3.0919,2.8555,3.4554,3.8298,4
er,3,50,3.3470,3.0578,4.0801,3.8298,4
er,3,55,3.5282,3.1088,4.0468,3.8298,4
er,3,60,3.1865,2.7206,3.5383,3.8298,4
er,3,65,2.1406,2.1042,2.6784,3.8298,4
er,3,70,2.2182,2.1545,2.7952,3.8298,4
er,3,75,2.2135,2.0452,2.8470,3.8298,4
er,3,80,2.0529,1.6891,2.8495,3.8298,4
er,3,85,2.1250,1.5867,2.8455,3.8298,4
er,3,90,2.5860,2.3440,2.8054,3.8298,4
er,3,95,2.7668,2.5322,3.0882,3.8298,4
er,3,100,2.8477,2.5959,3.0719,3.8298,4
er,3,105,2.9799,2.6673,3.1740,3.8298,4
er,3,110,2.7977,2.5672,3.0169,3.8298,4
er,3,115,1.9950,1.7067,2.4872,3.8298,4
er,3,120,1.9195,1.7125,2.4342,3.8298,4
er,3,125,2.0064,1.7233,2.5497,3.8298,4
er,3,130,2.0071,1.8002,2.5300,3.8298,4
er,3,135,2.0886,1.7035,2.6787,3.8298,4
er,3,140,2.0230,1.5502,2.7337,3.8298,4
er,3,145,2.1109,1.6891,2.7801,3.8298,4
er,3,150,2.7280,2.2947,3.1366,3.8298,4
er,3,155,2.7142,2.2005,3.4083,3.8298,4
er,3,160,3.1225,2.4688,3.6405,3.8298,4
er,3,165,3.0871,2.6124,3.4002,3.8298,4
er,3,170,3.1259,2.6852,3.4886,3.8298,4
er,3,175,3.1404,2.7965,3.4902,3.8298,4
er,3,180,3.2281,2.8214,3.6309,3.8298,4
er,3,185,3.2374,2.7847,3.6957,3.8298,4
er,3,190,2.9884,2.8239,3.2932,3.8298,4
er,3,195,2.9068,2.8248,3.3592,3.8298,4
er,3,200,2.8267,2.7650,3.2785,3.8298,4
er,3,205,2.8886,2.8674,3.2189,3.8298,4
er,3,210,3.4639,2.8544,5.0891,3.8298,4
er,3,215,3.5394,2.8590,4.6362,3.8298,4
er,3,220,2.8432,2.7557,3.2703,3.8298,4
er,3,225,2.7882,2.6218,3.3148,3.8298,4
er,3,230,3.7783,2.8429,4.9484,3.8298,4
er,3,235,3.8397,2.8260,4.9767,3.8298,4
er,3,240,3.8678,2.9154,4.9678,3.8298,4
er,3,245,3.7516,3.3461,4.1936,3.8298,4
er,3,250,4.3255,3.6142,4.7753,3.8298,4
er,3,255,3.4901,2.9372,4.2692,3.8298,4
er,3,260,3.4747,2.8428,4.2552,3.8298,4
er,3,265,3.4759,2.8474,4.2594,3.8298,4
er,3,270,3.4789,2.8528,4.1363,3.8298,4
er,3,275,3.4735,2.8913,4.0742,3.8298,4
er,3,280,3.4272,2.9198,3.8488,3.8298,4
er,3,285,3.4153,2.9234,3.8119,3.8298,4
er,3,290,3.4438,2.9011,3.9596,3.8298,4
er,3,295,3.4129,2.8030,3.8770,3.8298,4
er,4,0,1.4387,1.3396,1.4990,3.8298,4
er,4,5,1.4198,1.3154,1.4850,3.8298,4
er,4,10,1.4116,1.3050,1.4821,3.8298,4
er,4,15,1.4203,1.3114,1.4870,3.8298,4
er,4,20,1.4369,1.3585,1.4686,3.8298,4
er,4,25,1.4084,1.3462,1.4668,3.8298,4
er,4,30,1.4096,1.3512,1.4947,3.8298,4
er,4,35,1.3962,1.2896,1.5071,3.8298,4
er,4,40,1.6393,1.3449,2.7154,3.8298,4
er,4,45,3.0490,2.3750,3.8253,3.8298,4
er,4,50,2.6379,2.5357,3.1896,3.8298,4
er,4,55,2.5821,2.1986,3.4217,3.8298,4
er,4,60,2.3747,2.0428,3.3420,3.8298,4
er,4,65,2.4237,2.1753,3.4696,3.8298,4
er,4,70,2.4226,2.1567,3.6888,3.8298,4
er,4,75,2.1084,1.7152,3.6176,3.8298,4
er,4,80,1.8893,1.6514,3.4176,3.8298,4
er,4,85,2.0272,1.8738,3.5637,3.8298,4
er,4,90,2.2361,1.7762,4.6069,3.8298,4
er,4,95,2.7864,2.4191,4.4194,3.8298,4
er,4,100,2.9362,2.5001,4.5894,3.8298,4
er,4,105,2.7723,2.1671,4.7063,3.8298,4
er,4,110,2.8998,2.2525,4.9863,3.8298,4
er,4,115,2.8792,2.2500,5.0213,3.8298,4
er,4,120,2.6456,2.1346,4.5387,3.8298,4
er,4,125,2.6409,2.0783,4.5267,3.8298,4
er,4,130,2.5975,2.0018,4.5243,3.8298,4
er,4,135,2.5664,2.1146,4.4498,3.8298,4
er,4,140,2.5856,2.1281,4.4607,3.8298,4
er,4,145,2.6907,2.2956,4.7681,3.8298,4
er,4,150,2.6671,2.2934,4.5077,3.8298,4
er,4,155,2.7477,2.4110,4.5110,3.8298,4
er,4,160,2.8848,2.4605,4.6600,3.8298,4
er,4,165,3.1799,2.8828,4.7088,3.8298,4
er,4,170,3.1245,2.7747,4.7366,3.8298,4
er,4,175,3.5780,3.1779,5.0113,3.8298,4
er,4,180,5.7432,3.3261,8.0887,3.8298,4
er,4,185,5.6697,3.1202,8.1931,3.8298,4
er,4,190,4.1480,3.5015,5.5347,3.8298,4
er,4,195,4.5007,3.6420,5.9367,3.8298,4
er,4,200,5.0363,4.2215,6.1931,3.8298,4
er,4,205,4.4974,3.8343,5.8202,3.8298,4
er,4,210,4.4731,3.8501,5.8321,3.8298,4
er,4,215,4.6828,4.2053,5.8813,3.8298,4
er,4,220,4.7593,4.2690,6.0118,3.8298,4
er,4,225,4.7540,4.2410,6.1083,3.8298,4
er,4,230,4.7762,4.1795,7.6388,3.8298,4
er,4,235,4.6994,4.1488,8.0027,3.8298,4
er,4,240,4.7132,4.1519,6.1110,3.8298,4
er,4,245,4.7878,4.1444,6.2193,3.8298,4
er,4,250,4.7892,4.1565,6.2129,3.8298,4
er,4,255,4.9393,4.2057,6.4430,3.8298,4
er,4,260,4.9982,4.2276,6.5249,3.8298,4
er,4,265,5.0225,4.2861,6.5179,3.8298,4
er,4,270,5.1410,4.3661,6.6208,3.8298,4
er,4,275,5.2665,4.4610,6.7126,3.8298,4
er,4,280,5.3427,4.4647,6.8176,3.8298,4
er,4,285,5.3739,4.4814,6.8448,3.8298,4
er,4,290,5.3882,4.4768,6.8637,3.8298,4
er,4,295,5.4330,4.4655,6.9355,3.8298,4
packnet,1,0,1.5381,1.5381,1.5381,3.8298,1
packnet,1,5,1.5464,1.5464,1.5464,3.8298,1
packnet,1,10,1.5831,1.5831,1.5831,3.8298,1
packnet,1,15,1.5925,1.5925,1.5925,3.8298,1
packnet,1,20,1.5570,1.5570,1.5570,3.8298,1
packnet,1,25,1.5486,1.5486,1.5486,3.8298,1
packnet,1,30,1.5670,1.5670,1.5670,3.8298,1
packnet,1,35,1.6929,1.6929,1.6929,3.8298,1
packnet,1,40,2.9989,2.9989,2.9989,3.8298,1
packnet,1,45,3.8359,3.8359,3.8359,3.8298,1
packnet,1,50,3.8638,3.8638,3.8638,3.8298,1
packnet,1,55,4.6436,4.6436,4.6436,3.8298,1
packnet,1,60,4.1168,4.1168,4.1168,3.8298,1
packnet,1,65,3.9534,3.9534,3.9534,3.8298,1
packnet,1,70,4.1761,4.1761,4.1761,3.8298,1
packnet,1,75,4.3636,4.3636,4.3636,3.8298,1
packnet,1,80,5.4477,5.4477,5.4477,3.8298,1
packnet,1,85,6.0504,6.0504,6.0504,3.8298,1
packnet,1,90,5.8052,5.8052,5.8052,3.8298,1
packnet,1,95,5.7640,5.7640,5.7640,3.8298,1
packnet,1,100,5.3621,5.3621,5.3621,3.8298,1
packnet,1,105,6.0369,6.0369,6.0369,3.8298,1
packnet,1,110,8.4959,8.4959,8.4959,3.8298,1
packnet,1,115,6.6442,6.6442,6.6442,3.8298,1
packnet,1,120,6.5450,6.5450,6.5450,3.8298,1
packnet,1,125,6.4278,6.4278,6.4278,3.8298,1
packnet,1,130,6.7420,6.7420,6.7420,3.8298,1
packnet,1,135,7.2091,7.2091,7.2091,3.8298,1
packnet,1,140,7.4003,7.4003,7.4003,3.8298,1
packnet,1,145,7.7242,7.7242,7.7242,3.8298,1
packnet,1,150,7.9206,7.9206,7.9206,3.8298,1
packnet,1,155,8.8599,8.8599,8.8599,3.8298,1
packnet,1,160,5.5816,5.5816,5.5816,3.8298,1
packnet,1,165,5.5067,5.5067,5.5067,3.8298,1
packnet,1,170,5.5165,5.5165,5.5165,3.8298,1
packnet,1,175,5.5134,5.5134,5.5134,3.8298,1
packnet,1,180,5.9852,5.9852,5.9852,3.8298,1
packnet,1,185,6.2234,6.2234,6.2234,3.8298,1
packnet,1,190,6.2716,6.2716,6.2716,3.8298,1
packnet,1,195,6.2207,6.2207,6.2207,3.8298,1
packnet,1,200,6.2075,6.2075,6.2075,3.8298,1
packnet,1,205,6.1977,6.1977,6.1977,3.8298,1
packnet,1,210,6.2579,6.2579,6.2579,3.8298,1
packnet,1,215,6.6238,6.6238,6.6238,3.8298,1
packnet,1,220,6.7143,6.7143,6.7143,3.8298,1
packnet,1,225,6.6620,6.6620,6.6620,3.8298,1
packnet,1,230,6.1340,6.1340,6.1340,3.8298,1
packnet,1,235,6.1298,6.1298,6.1298,3.8298,1
packnet,1,240,6.0857,6.0857,6.0857,3.8298,1
packnet,1,245,6.0669,6.0669,6.0669,3.8298,1
packnet,1,250,6.0487,6.0487,6.0487,3.8298,1
packnet,1,255,6.0274,6.0274,6.0274,3.8298,1
packnet,1,260,6.0246,6.0246,6.0246,3.8298,1
packnet,1,265,6.0375,6.0375,6.0375,3.8298,1
packnet,1,270,6.0423,6.0423,6.0423,3.8298,1
packnet,1,275,6.0176,6.0176,6.0176,3.8298,1
packnet,1,280,6.0080,6.0080,6.0080,3.8298,1
packnet,1,285,6.0499,6.0499,6.0499,3.8298,1
packnet,1,290,6.0505,6.0505,6.0505,3.8298,1
packnet,1,295,6.1387,6.1387,6.1387,3.8298,1
packnet,2,0,1.1569,1.0317,1.4423,3.8298,14
packnet,2,5,1.1774,1.1291,1.5199,3.8298,14
packnet,2,10,1.5372,1.3752,1.8013,3.8298,14
packnet,2,15,1.9846,1.7898,2.2259,3.8298,14
packnet,2,20,2.5696,2.2810,2.7940,3.8298,14
packnet,2,25,3.2319,2.9842,3.3823,3.8298,14
packnet,2,30,3.7912,3.5897,3.9686,3.8298,14
packnet,2,35,4.1065,3.9948,4.2572,3.8298,14
packnet,2,40,4.2982,4.0103,4.3981,3.8298,14
packnet,2,45,4.3256,4.0844,4.4675,3.8298,14
packnet,2,50,4.5600,4.2674,4.7045,3.8298,14
packnet,2,55,6.0245,4.3360,10.1404,3.8298,14
packnet,2,60,12.7740,6.9283,36.2406,3.8298,14
packnet,2,65,21.0768,14.7104,42.1505,3.8298,14
packnet,2,70,29.3405,20.6698,37.5560,3.8298,14
packnet,2,75,32.3290,25.0742,37.2675,3.8298,14
packnet,2,80,36.2962,25.0185,53.6236,3.8298,14
packnet,2,85,41.6821,24.9544,53.0337,3.8298,14
packnet,2,90,43.7618,24.9072,54.3899,3.8298,14
packnet,2,95,42.7100,24.8484,51.8160,3.8298,14
packnet,2,100,38.3204,24.8286,52.8217,3.8298,14
packnet,2,105,35.8117,24.8181,50.8948,3.8298,14
packnet,2,110,37.0918,24.8149,44.6115,3.8298,14
packnet,2,115,38.0177,24.8285,46.6181,3.8298,14
packnet,2,120,36.3067,24.8683,43.7427,3.8298,14
packnet,2,125,35.5202,24.9315,43.2182,3.8298,14
packnet,2,130,36.1209,25.1141,42.9761,3.8298,14
packnet,2,135,34.5052,25.1123,43.0655,3.8298,14
packnet,2,140,34.4919,24.9379,41.6551,3.8298,14
packnet,2,145,34.4895,24.9605,40.1563,3.8298,14
packnet,2,150,34.4846,24.9580,39.9618,3.8298,14
packnet,2,155,33.1701,24.9651,38.9544,3.8298,14
packnet,2,160,33.6106,24.9480,38.9496,3.8298,14
packnet,2,165,33.3803,24.9078,38.9459,3.8298,14
packnet,2,170,33.5235,24.9075,38.9404,3.8298,14
packnet,2,175,34.0060,24.8897,38.9342,3.8298,14
packnet,2,180,34.4696,25.0025,38.9345,3.8298,14
packnet,2,185,34.4684,25.3486,38.9364,3.8298,14
packnet,2,190,34.4687,24.9722,38.9359,3.8298,14
packnet,2,195,34.0383,24.9220,38.8976,3.8298,14
packnet,2,200,34.1741,24.9415,38.7897,3.8298,14
packnet,2,205,34.2243,24.9361,38.3968,3.8298,14
packnet,2,210,35.3550,24.9066,41.0827,3.8298,14
packnet,2,215,34.1642,24.8752,50.3036,3.8298,14
packnet,2,220,32.8735,24.8620,45.4459,3.8298,14
packnet,2,225,31.2707,24.8594,42.7404,3.8298,14
packnet,2,230,31.9847,24.8619,42.7408,3.8298,14
packnet,2,235,31.9823,24.8695,42.7369,3.8298,14
packnet,2,240,31.9770,24.8726,42.7337,3.8298,14
packnet,2,245,31.9713,24.8716,42.7265,3.8298,14
packnet,2,250,31.8911,24.8734,42.6895,3.8298,14
packnet,2,255,31.5731,24.8779,42.6057,3.8298,14
packnet,2,260,31.3694,24.8875,42.3606,3.8298,14
packnet,2,265,31.2178,24.8973,42.3513,3.8298,14
packnet,2,270,31.4012,24.8825,42.3389,3.8298,14
packnet,2,275,31.4927,24.8838,42.3300,3.8298,14
packnet,2,280,32.2854,24.8954,42.3303,3.8298,14
packnet,2,285,32.7922,24.9063,42.4041,3.8298,14
packnet,2,290,33.8229,24.9193,43.2919,3.8298,14
packnet,2,295,32.3462,24.9175,42.9475,3.8298,14
packnet,3,0,1.1694,1.0317,1.4607,3.8298,30
packnet,3,5,1.1557,1.0330,1.4512,3.8298,30
packnet,3,10,1.1372,1.0293,1.4577,3.8298,30
packnet,3,15,1.2420,1.0968,1.4511,3.8298,30
packnet,3,20,1.4164,1.2030,1.5468,3.8298,30
packnet,3,25,1.5955,1.3483,1.7368,3.8298,30
packnet,3,30,1.8380,1.6313,1.9633,3.8298,30
packnet,3,35,2.0501,1.8520,2.1238,3.8298,30
packnet,3,40,2.1828,1.9759,2.3176,3.8298,30
packnet,3,45,2.2619,2.0960,2.3885,3.8298,30
packnet,3,50,2.3234,2.2056,2.5403,3.8298,30
packnet,3,55,2.5073,2.2783,2.7717,3.8298,30
packnet,3,60,2.4780,2.3913,2.7908,3.8298,30
packnet,3,65,2.4811,2.2364,2.8065,3.8298,30
packnet,3,70,2.4055,2.1462,2.6910,3.8298,30
packnet,3,75,2.2323,1.8897,2.5048,3.8298,30
packnet,3,80,1.9955,1.8460,2.4178,3.8298,30
packnet,3,85,2.0085,1.8056,2.2781,3.8298,30
packnet,3,90,2.0057,1.7634,2.2607,3.8298,30
packnet,3,95,1.9154,1.7760,2.2913,3.8298,30
packnet,3,100,1.9686,1.5791,2.3512,3.8298,30
packnet,3,105,2.0770,1.6017,2.3908,3.8298,30
packnet,3,110,2.1462,1.6625,2.4156,3.8298,30
packnet,3,115,2.1584,1.8776,2.6980,3.8298,30
packnet,3,120,2.4997,2.0101,3.3523,3.8298,30
packnet,3,125,2.6251,2.0019,3.1290,3.8298,30
packnet,3,130,2.7588,2.0194,3.2926,3.8298,30
packnet,3,135,2.3581,2.0769,3.4141,3.8298,30
packnet,3,140,2.4873,1.8927,3.9665,3.8298,30
packnet,3,145,2.5726,1.8339,4.1970,3.8298,30
packnet,3,150,2.5770,2.0532,5.3225,3.8298,30
packnet,3,155,2.6085,2.0937,6.2775,3.8298,30
packnet,3,160,2.6884,2.0434,6.0831,3.8298,30
packnet,3,165,2.7136,1.8947,6.3586,3.8298,30
packnet,3,170,2.6395,1.8280,6.6655,3.8298,30
packnet,3,175,2.6181,1.8676,7.1585,3.8298,30
packnet,3,180,2.6181,1.8509,7.3610,3.8298,30
packnet,3,185,2.8928,1.9835,6.7452,3.8298,30
packnet,3,190,2.8164,2.1688,7.0714,3.8298,30
packnet,3,195,3.0274,2.1568,7.0213,3.8298,30
packnet,3,200,3.0106,2.1829,7.1639,3.8298,30
packnet,3,205,3.0837,2.3923,7.5572,3.8298,30
packnet,3,210,3.3246,2.3996,7.5596,3.8298,30
packnet,3,215,3.9259,2.6521,7.5547,3.8298,30
packnet,3,220,5.0052,2.6845,7.5587,3.8298,30
packnet,3,225,5.6562,3.0007,7.8854,3.8298,30
packnet,3,230,5.9863,3.0881,8.0380,3.8298,30
packnet,3,235,6.0534,3.2887,8.0839,3.8298,30
packnet,3,240,5.9744,3.1167,8.0085,3.8298,30
packnet,3,245,7.1765,3.0646,8.1116,3.8298,30
packnet,3,250,7.1372,3.2119,8.6255,3.8298,30
packnet,3,255,7.3053,3.4716,9.1569,3.8298,30
packnet,3,260,7.3089,3.6556,8.6188,3.8298,30
packnet,3,265,7.2518,3.6929,8.6574,3.8298,30
packnet,3,270,7.2710,4.2526,8.6175,3.8298,30
packnet,3,275,7.1829,4.3759,8.9954,3.8298,30
packnet,3,280,7.0141,4.4421,9.3818,3.8298,30
packnet,3,285,7.0536,4.4145,9.9447,3.8298,30
packnet,3,290,7.2106,4.8714,9.9973,3.8298,30
packnet,3,295,7.1984,4.4085,9.8353,3.8298,30
packnet,4,0,1.1663,1.0231,1.4557,3.8298,30
packnet,4,5,1.1459,1.0039,1.4486,3.8298,30
packnet,4,10,1.1444,1.0579,1.4551,3.8298,30
packnet,4,15,1.1836,1.0891,1.4597,3.8298,30
packnet,4,20,1.3097,1.1280,1.4709,3.8298,30
packnet,4,25,1.4003,1.2905,1.5261,3.8298,30
packnet,4,30,1.6046,1.4834,1.6665,3.8298,30
packnet,4,35,1.7702,1.6646,1.9294,3.8298,30
packnet,4,40,1.9130,1.8258,2.0139,3.8298,30
packnet,4,45,2.1513,1.9970,2.3866,3.8298,30
packnet,4,50,2.2548,2.0739,2.5532,3.8298,30
packnet,4,55,2.3427,2.2006,2.5950,3.8298,30
packnet,4,60,2.3381,2.1413,2.5868,3.8298,30
packnet,4,65,2.3031,2.1640,2.5406,3.8298,30
packnet,4,70,2.2100,2.0053,2.3434,3.8298,30
packnet,4,75,2.0703,1.7464,2.2915,3.8298,30
packnet,4,80,1.9672,1.6939,2.2026,3.8298,30
packnet,4,85,1.9320,1.7481,2.2339,3.8298,30
packnet,4,90,1.8441,1.7661,2.1640,3.8298,30
packnet,4,95,1.9146,1.6955,2.1367,3.8298,30
packnet,4,100,1.9629,1.6025,2.2500,3.8298,30
packnet,4,105,1.9194,1.6715,2.5895,3.8298,30
packnet,4,110,2.1450,1.7523,2.5232,3.8298,30
packnet,4,115,2.3403,1.9543,3.7550,3.8298,30
packnet,4,120,2.8244,1.9284,3.8633,3.8298,30
packnet,4,125,2.6882,2.0100,3.9913,3.8298,30
packnet,4,130,2.4920,1.9549,4.4667,3.8298,30
packnet,4,135,2.9271,2.0859,6.7890,3.8298,30
packnet,4,140,3.0920,2.0910,5.6860,3.8298,30
packnet,4,145,2.9440,2.0823,5.3917,3.8298,30
packnet,4,150,2.9089,2.2616,6.2928,3.8298,30
packnet,4,155,3.0659,2.1077,6.0072,3.8298,30
packnet,4,160,3.1677,2.2354,4.7375,3.8298,30
packnet,4,165,3.2620,2.4987,6.2162,3.8298,30
packnet,4,170,3.3949,2.8166,6.4660,3.8298,30
packnet,4,175,3.4583,2.7290,6.3609,3.8298,30
packnet,4,180,3.5713,2.5319,6.4986,3.8298,30
packnet,4,185,3.5647,3.1044,6.8096,3.8298,30
packnet,4,190,4.1482,3.1501,6.8154,3.8298,30
packnet,4,195,4.2510,3.1451,8.2266,3.8298,30
packnet,4,200,4.7823,3.5368,8.4821,3.8298,30
packnet,4,205,5.0140,3.6695,9.2601,3.8298,30
packnet,4,210,5.5964,3.6456,9.1639,3.8298,30
packnet,4,215,6.0160,3.5232,9.1622,3.8298,30
packnet,4,220,6.2012,3.7670,9.7292,3.8298,30
packnet,4,225,6.2634,3.7864,9.6669,3.8298,30
packnet,4,230,6.5670,4.1109,9.8644,3.8298,30
packnet,4,235,6.5764,4.0162,10.2138,3.8298,30
packnet,4,240,7.0838,4.2876,10.7563,3.8298,30
packnet,4,245,6.8025,4.5681,10.4385,3.8298,30
packnet,4,250,7.4653,4.9448,10.9211,3.8298,30
packnet,4,255,7.6933,5.0323,11.7597,3.8298,30
packnet,4,260,8.5145,5.0382,11.8761,3.8298,30
packnet,4,265,8.6699,5.0825,12.0856,3.8298,30
packnet,4,270,8.6382,5.0819,12.5874,3.8298,30
packnet,4,275,8.6256,5.3531,12.2783,3.8298,30
packnet,4,280,8.4253,5.2281,12.1807,3.8298,30
packnet,4,285,8.9679,5.7073,12.9811,3.8298,30
packnet,4,290,9.1981,6.8088,12.7435,3.8298,30
packnet,4,295,9.3998,6.5100,12.6426,3.8298,30
